Label,Amount
Materials Total,7653.61
Labor (Reduced by 2/3),2168.522833333333
Insurance Fee,300.0
Subtotal,10122.132833333333
Overhead (8%),809.7706266666667
Total Bid,10931.90346
